profile_id,predicted_entity_id
e57602dd-c204-35a3-bb66-29925f1edcc0,entity_0
e7d3962f-c695-3feb-94dd-2c4332deee48,entity_0
014949c9-c1e0-3c5f-a6df-8f9487e336c9,entity_1
018b5244-14a7-3229-9f0d-80f1a8985b4c,entity_2
020728c0-12e9-3128-92e9-f933bbfe3d7d,entity_3
025f01e7-3cad-36a0-bcb5-179be6841349,entity_4
02cec004-9e29-34dd-9324-dfa2563f8f54,entity_5
032d79be-cb27-3b65-a267-3a414c1a2dbf,entity_6
038921ad-0f1b-32c2-b006-b0bd8338851f,entity_7
038b7661-1df2-32fa-8f6b-c49be6ea09d7,entity_8
03c08708-be64-3e61-bab9-49fdcd2dd092,entity_9
03f5d4d7-05d4-3dc1-a49b-66290488b83c,entity_10
04dafbf2-b810-38f5-9858-4a2195dcf0f1,entity_11
05255793-a754-3a2c-9d68-13157b7b36ff,entity_12
06f383ad-f79e-34f1-a469-76fc4308ba5a,entity_13
0726a9bd-1c61-34eb-b410-484fe984fa84,entity_14
07501ebe-00bf-30e7-9174-0bb7a458fa0f,entity_15
078cbe2a-008f-3a3c-ac27-d2d810d4b8cf,entity_16
0795a615-ef5d-3c5f-8173-a6d457c66591,entity_17
07b1e3ca-c747-3a1d-b1d8-3c6a46e9eff7,entity_18
08a23ceb-be77-3358-9855-726642c5a0a7,entity_19
095bd0de-68c9-3bc2-a744-ac472c7dc2e2,entity_20
09657628-6877-33e6-9c2f-8ed6bccbc48a,entity_21
09c94df4-b196-3ff8-8c12-a16e2051e2da,entity_22
0b20aa48-cafc-3a9f-ad94-4b02a58880ef,entity_23
0b4856e9-37e8-3d76-ab62-ee3aa0cbaf77,entity_24
0bb22f5a-839c-32b8-b761-305502361715,entity_25
0be829c4-e525-3cf0-abe8-4e5eee2f3387,entity_26
0cc22b15-c9dc-3791-970c-9cb4f684cb4b,entity_27
0d74d896-79b3-3bf5-b470-f23a12e135dc,entity_28
0e2128e8-46a7-319c-87b5-ce5b68263843,entity_29
0e7836e4-3431-3dc4-8071-272ac6bce391,entity_30
0e8fabd8-7496-3c6c-b918-c419e5f9548b,entity_31
0f58b52b-9553-3987-b560-add6e58843c6,entity_32
0f693231-26a2-3103-80b6-e5586b6d9227,entity_33
0fface75-c488-37a7-8388-3f04b59411ee,entity_34
102f3422-d492-3c9c-a2dc-313b9255d7f2,entity_35
104c86e6-1370-3c98-92bb-fafddc0b238e,entity_36
104ed27e-64b5-35c8-938a-7f835fa4e63e,entity_37
10947644-2831-3e42-ade1-059b06894241,entity_38
10df447a-ce72-389a-b97f-c446447eeaa1,entity_39
11184fb3-45cb-36f1-950b-115255bbbb73,entity_40
1194c841-22b2-341b-8f0a-aeaa057feee8,entity_41
119d5c8c-7e10-3c5a-bcf2-0ce0fa49131c,entity_42
122c0e83-2f6c-32e0-becf-e029c5eede2a,entity_43
12d4f417-f7d1-34d4-8fe0-0541da985dad,entity_44
1404d66b-51af-387b-95a6-c565d0616d98,entity_45
14053c87-092e-3a05-a13c-df50b958f55d,entity_46
15040bf0-f97d-3b94-b810-7f68f996b655,entity_47
150dfc61-6348-3d44-93f6-2a0f11c31ba7,entity_48
151ce267-bb89-3a36-bdcf-e64eedf04b21,entity_49
153e534a-59c3-39a0-b726-c03b8925206a,entity_50
15c41f8b-d3b3-37c5-a89d-5d20c606c8a7,entity_51
15c9cda1-9032-3647-a815-0925016a1561,entity_52
168fbcfe-dab7-33aa-b573-af22220d99c4,entity_53
1808d026-5be3-30dd-ab88-519fad0bd67d,entity_54
182dd23c-f8be-3817-b3d6-3736d87e9240,entity_55
188f2e66-f865-372d-ab47-dc83398dfedf,entity_56
19ab63ac-1cd2-36ad-9b83-3288892348a4,entity_57
19c1473d-88ae-3dc7-86e5-d4b235601aba,entity_58
1a1311dd-67c0-360c-b955-7725d3da5c69,entity_59
1a8bcb18-0293-342c-b42e-c3b2c838e1f8,entity_60
1b18b9e3-fa91-3f31-b7ee-87af5c2639e4,entity_61
1b32da94-e587-30f0-92e4-4d8ac798455f,entity_62
1b7017f4-3318-3e4c-a327-36b78ccb1911,entity_63
1ca206ba-c0af-34a1-8125-9e6adf0f1aaa,entity_64
1e0886af-376c-3850-8041-987d49826a3c,entity_65
1e8ae281-e219-3f6b-b286-b4891c777105,entity_66
2131abf4-4b6b-31d1-ac0a-969f76606dec,entity_67
218f6ec8-6461-3caf-ab24-73f5b93126b7,entity_68
233774db-1719-3036-ad3a-06432e393624,entity_69
236ff265-1f65-3fe0-bc78-e03429671295,entity_70
2402fd8e-62ab-364f-a57a-52a6264d6ed2,entity_71
24275ac7-3ae9-3d1f-a557-c0d87b13284e,entity_72
25b247de-d887-32e4-b583-4c82d6110fee,entity_73
26c40316-bd6b-3446-8b9d-9002010909c4,entity_74
26d1c8ff-6721-3a3c-b89a-e50a827d58aa,entity_75
274dcb6c-0871-37ec-aed9-e3a372ea2c99,entity_76
275be0db-fc7c-310a-8399-0972ace1a030,entity_77
276932d3-b0e9-3901-b8b1-30f4efac9c5c,entity_78
27a3de5e-1185-356c-8669-5ecf9fa22e34,entity_79
283f0592-be1b-3bbe-9c12-f91fb50edca7,entity_80
285ff2d3-fb3c-3294-92af-a0ced1d4f533,entity_81
28a55ac1-8a7b-3e52-8a37-360e483c252c,entity_82
28e2cf33-4382-3484-8335-acd2e9cacf2f,entity_83
28f7f080-48b6-31a5-968a-ba5880fa7e5e,entity_84
2971a811-da50-3daa-a28f-a6d22d883712,entity_85
298557e7-7c83-3662-a215-216127709747,entity_86
29bc563a-2e91-3167-9d8c-51acf941d9cf,entity_87
29c79ee0-d017-3a25-bbe0-3d0e1b1adfb0,entity_88
2a6bd3dd-80bf-3164-af54-11ce1dc9f0ef,entity_89
2b73ffad-5b75-39e3-b0fe-db2ba8c66837,entity_90
2bfb2d76-edfe-3efe-ba3d-84aa805b8f9c,entity_91
2c7ac47d-52e3-3b65-81ae-48c5d23376b0,entity_92
2d222e79-e5d5-3726-ae55-a65225f951e9,entity_93
2e3a488f-ffb9-3a7e-b844-f5a986be5c74,entity_94
2f2467cd-e68f-30ca-a47c-fc8331d86550,entity_95
2f87b1ea-e088-3bc6-9e6b-5eaace378d7f,entity_96
30c3bf96-c2de-3a3f-a24b-b45039e6e41a,entity_97
314d0d9b-fe05-3c3b-88df-7f70d8141d8c,entity_98
3193b108-754b-38cf-be81-0f3b00c494fd,entity_99
31e58824-a150-373b-8704-478e54b59fe4,entity_100
31e71876-772f-3e23-8ba8-8c82ce461c28,entity_101
32862d90-55eb-38f4-b931-2ea770b09e61,entity_102
32b0c4e8-9539-3ce5-875f-c943b295b541,entity_103
32d6d413-74f2-3d24-8973-821aaf92fca6,entity_104
32f6a962-c10a-34c5-9cec-0d3bd2a73e56,entity_105
33ccaff8-e813-38f2-a35d-2ecdda1d3276,entity_106
33d60d87-1b4d-3ce9-82a9-b63fe09b1283,entity_107
33f588ef-7040-3058-b63b-de25b2d02be0,entity_108
36eb97cf-a1f5-3184-b124-a5a40aa49813,entity_109
371b2dc3-5194-3cea-b996-0552223d39ca,entity_110
37253865-b407-3aa0-ad40-30eef8309ec4,entity_111
3742f856-93e5-3d42-9731-6b0be38a535d,entity_112
379a8b30-98cd-36bd-a249-df94dc52bb2d,entity_113
37c26b64-61c2-3d17-871a-832e90ef3383,entity_114
3814f603-30c4-3294-9dff-9e691bad1e54,entity_115
385a4ee7-8d93-3417-9d39-adc0b400d2f7,entity_116
38d79d4f-ac52-3638-a4b9-5dbe8f9ecb57,entity_117
39b3bc54-2783-3363-b0ba-a756ab1a4000,entity_118
3a0b3bc1-c993-361a-9755-c1f8f9480b0b,entity_119
3aa25e46-5c82-3ea5-a382-8c7bea64e06e,entity_120
3ac45cd3-24ee-3288-a922-257f566494eb,entity_121
3af8e2c6-1c19-3c49-af57-8460e102db77,entity_122
3c10bc1f-dcca-3b74-833f-59351597a132,entity_123
3cca102d-82ad-3a35-897d-13c9a3f41711,entity_124
3decb6a1-d6f2-3f72-92c8-83412ca7ec55,entity_125
3e2e8983-968c-30de-b4d1-d034d2ae6eaf,entity_126
3e850c3c-8429-3134-a3dd-58c5ffd69b13,entity_127
3e9759d1-763d-3489-a03d-0a95c4017829,entity_128
3f62dd76-ed6e-316c-b8f6-5e79bb65896c,entity_129
3f7c84ba-a8f3-3dad-99c3-ba6f2211eac1,entity_130
3fedd293-2201-38f6-bc5e-91c787f0517d,entity_131
41a23879-0338-31a9-867a-020128067890,entity_132
423f9e26-9b85-3c49-847a-d9eb9db4b3cd,entity_133
4260cc60-21e4-3428-822c-d415ee78437e,entity_134
42737a47-bb46-38c4-9966-95b5f23cd153,entity_135
42927317-d4f5-3138-92ec-9b2d50c2675c,entity_136
438e0db6-0eb4-3103-a161-580e11e41017,entity_137
43d75aa0-a4b5-3275-822e-fa4a6d6586ba,entity_138
4507626b-67ec-3eb2-8bbf-ed5eb414e2f6,entity_139
458bdefa-34c5-3227-858e-cc6cdc2a49fd,entity_140
45c7c96b-4b11-3ec3-9516-7c3f88c5072a,entity_141
46eff753-61c0-3df2-a5ec-ff46e5f12ee2,entity_142
47411a1b-3c35-387c-87d6-4c671d667a09,entity_143
479283fd-41cc-3454-a21d-95c00fab8d19,entity_144
49e955aa-122c-3074-829c-7891e16849d5,entity_145
4ae09670-4bc9-36a6-952c-9ee581478e32,entity_146
4b4d6099-69c3-3d5e-84a8-4c921ea8f759,entity_147
4be2fda4-7769-30f2-b30b-084ce5b50df6,entity_148
4ca517f6-f806-3fa5-9010-54eeb0ea8b0a,entity_149
4d18438e-9260-365c-b647-ba75a6c2125c,entity_150
4d3588e7-9ea9-3406-bae6-e7b054b46af6,entity_151
4d60f4a8-4521-3834-8ada-ac37f85c5558,entity_152
4e31859b-e404-3eeb-960d-255d058ac1a5,entity_153
4e7d6293-93b2-352b-8083-a9ec2ac7d0fe,entity_154
4edc384e-4a55-3c09-b55f-b76f94ad0813,entity_155
4f1d9ee8-7335-387c-baae-da94f6bd0c82,entity_156
4f74a317-b2c9-3b22-85c5-743273b61743,entity_157
4febcfb9-725d-331b-97af-4303cf260678,entity_158
4fee140e-7c47-3146-a0d8-27b2b9455df3,entity_159
50af5bcd-f112-3f42-a755-d7e6c05de48f,entity_160
50b93e79-b2cc-3600-b037-9809d6419103,entity_161
510c2ac9-d3d1-3f0f-9f84-a842f346b358,entity_162
52cf00a5-717b-3715-88dd-d8fa5661509d,entity_163
54a5a68d-145b-3389-b0f5-1a0755ab8c9a,entity_164
550eaf27-36c7-3920-9ede-588e91e46ed7,entity_165
55b8e030-c926-3612-a72a-7c44c5daa734,entity_166
5641137f-6336-3738-99ec-286b5099293c,entity_167
56f055b5-c127-3938-89b5-b63197ad94ef,entity_168
57c87ec4-9932-35c3-a416-b4624715db5c,entity_169
581a4879-13f0-32c3-86e5-1a8285ba1eea,entity_170
59002772-0dbb-3d35-a88c-94017481593c,entity_171
5930ddc7-e4c1-3f25-94fe-e3f9b32711df,entity_172
599a0580-1432-3dab-ab4f-3db96f9ca834,entity_173
59c12ea7-a5b8-3e03-8ff2-2f165ae8347a,entity_174
5a78087b-e9f4-37d8-863e-247e8a329c9c,entity_175
5ae35433-c664-373d-8995-4699ad03acf6,entity_176
5af111a6-2533-3562-9290-58213b230c2b,entity_177
5b5c606d-905e-3c2a-892b-e8f59d044be9,entity_178
5b8a2a8d-d4ae-318a-9b5f-bc0b0e2cf097,entity_179
5bcbf0f3-9caf-38e3-a58b-3f52af763b9f,entity_180
5cc02839-5f47-3007-94a6-4902ca989c69,entity_181
5dc130ee-c1a0-3e13-a180-b70f4d37e71f,entity_182
60f2489d-23d8-34d0-89bb-da1c6a675c21,entity_183
6100173d-fb55-34c3-904b-f264597f95bc,entity_184
619386fb-900a-3a45-a99e-5d8edbd24158,entity_185
623cc6a1-daa1-34f8-ae2b-6ee78e832ea6,entity_186
633b4937-40d5-3594-8248-6fb38e4085fe,entity_187
63ed25bb-5997-3958-abd2-255cfddd7c5e,entity_188
648464dd-6d1a-31b3-92e3-8a686467bb0f,entity_189
648ee1c0-4339-3c60-b22f-19c70fa5094a,entity_190
64be9ab7-f21e-3eb3-ab0e-a9aaaa30adaf,entity_191
64e5d3ee-0ae8-3d20-a5e5-c3c42054d706,entity_192
6520ced9-e73c-33d5-bde8-7724511f2450,entity_193
653cb08a-5f0f-3ff9-9dd1-6d32fc0b39a1,entity_194
655dcb0a-ad42-37a1-801f-aa3cee571035,entity_195
659e78a5-1a20-333b-b297-32a6d36a303f,entity_196
65bb9d54-438d-3a22-bb7e-6a04fe76f07d,entity_197
65c61ba9-cbaa-3278-92e7-f9a469aaf3bb,entity_198
65ca3175-74ef-3285-92c9-2e623a6292ec,entity_199
65dca38f-e1d0-3603-83d4-d0359252f937,entity_200
65f39703-f633-3535-b7e4-db93f96cd465,entity_201
660cbfbc-db6d-3b56-b276-5111924da4f3,entity_202
664ac6d1-004d-3821-9e3a-c79c3a54e921,entity_203
678e9f86-0d8d-3f87-ad16-95ba073a0d06,entity_204
682de959-4d67-34b9-a67e-e6d92ea8582b,entity_205
68528f37-6eaa-32e7-b819-0537e88efacc,entity_206
693c61a8-1620-38d0-afaf-e594f9eb415e,entity_207
69a93aa8-5a1e-3b77-96e4-36af9e66e47c,entity_208
6a29abba-cb14-30ea-9e77-d0323af94a96,entity_209
6a2b57a9-8d0f-362e-a031-b4a67b1c4cb8,entity_210
6a9805a3-2887-3576-9966-7883505b8239,entity_211
6b18dbb2-7e05-3a1a-a84e-6da6aa55c63c,entity_212
6b1da01a-8763-3161-a7ca-67b0a0d42982,entity_213
6b97aef5-d6b2-33dd-97e3-38c74e943c65,entity_214
6bd6819a-ee8c-32d2-a8b2-32d59843bca6,entity_215
6c546308-a9d1-3333-bd7d-9cd82118e943,entity_216
6c84b53c-8238-317a-bf1b-847976eebf64,entity_217
6c8b78e5-92ff-389d-a8ac-d41f2b6940a9,entity_218
6d96803d-5874-36e1-b414-4065d82d6c10,entity_219
6edcf8d0-b055-3b5c-94e4-4000c7aa5fba,entity_220
6f4c4bdc-5fec-3c1b-b559-8f0a29a4a5b2,entity_221
7004b756-be48-3d76-b4bc-84ee18771488,entity_222
702df3f7-d1da-3a07-b9d9-c45706b6dd40,entity_223
7036413b-9f5e-3dfc-9bd8-117078592594,entity_224
708f31a4-bf4f-3277-8f85-7319c406750e,entity_225
70b406a2-efc7-3072-b4ee-84779f5555b7,entity_226
7113b65b-7199-392a-b16b-381836116d0f,entity_227
713e0041-8d54-3ce6-82e3-4f2a9bb50a4c,entity_228
71ba19ae-b197-3327-ba93-5f7e7a4db3c0,entity_229
72d82bb8-01c6-3d59-9a87-42e90c4ca8bc,entity_230
72eacc3d-4e83-3157-98bb-689a20b01f30,entity_231
737277ac-e6fb-399a-bf23-731842afe2f2,entity_232
75a4dc1f-4387-3cca-9119-1ea67dea163b,entity_233
75cd45af-268d-3160-b146-5f8705be541c,entity_234
75f49e25-ab54-32d3-a6db-cdd509e28851,entity_235
75fdc39d-cea7-3d86-b405-a9e5399dec39,entity_236
7631f233-c0b1-3670-8c47-ecf98b234871,entity_237
78094ba6-75db-315f-8b6c-75b842723dbb,entity_238
78312384-cdd3-3058-95ec-f461e3bd3276,entity_239
7870f1cb-ea20-3c7b-8b82-664ccd6d41fa,entity_240
78794c51-0f93-3877-bb07-2083340c839c,entity_241
78b5673e-d2ef-3d60-9db5-a143f8d7b8b0,entity_242
791e3019-597c-3a7c-91f5-a9ef3ed15d70,entity_243
796b9ed0-3d8e-3684-9765-1dc8d27d8357,entity_244
79d6b9a6-605e-32b2-bdf2-20311dfa064e,entity_245
79f6a59e-66e5-3822-bac3-4f49306d1cc9,entity_246
7a2c14ab-cb02-3cb5-9d03-4bd646397732,entity_247
7ac2fa11-dcd2-39d3-a038-fe147ceb75f3,entity_248
7ace49e1-679f-3f30-b926-c0084ef29384,entity_249
7b8b7705-335a-3810-86f0-010467397e64,entity_250
7bc7f3e8-b6d0-3272-b64e-97864008ba7a,entity_251
7c5c84bd-7ec2-398b-938f-e46e1aabe7ba,entity_252
7c685161-6451-3934-bb7e-22358b1afd64,entity_253
7cb15d43-1203-3166-897b-fd9e7bd44c31,entity_254
7cb3dfea-944e-37e6-9577-f66d3089cd39,entity_255
7d04d460-86ee-387f-801d-c4a552bb77d5,entity_256
7eff310a-1f58-392c-a54d-dbf8ef4bb276,entity_257
7eff70b5-6c01-3700-84bc-a3279b9e53c3,entity_258
7f0a1163-9c75-3a25-bdbd-24e899325996,entity_259
7fd5a0a5-08ae-3860-ba10-0b3115a0011c,entity_260
811aeaaf-c991-396d-b9e9-bd49c54d669c,entity_261
81337239-a452-31cd-aec9-13db6e0c8847,entity_262
813e5abb-3525-3916-8956-d44cbef29747,entity_263
81504e7b-1406-33c0-84c5-4ec60fce3db3,entity_264
81612477-33a6-3379-8d86-7c7dd580d3fb,entity_265
8229207b-efc0-32f1-a4c9-a6b2aa75b587,entity_266
822efa8c-15bc-3813-b174-897755223110,entity_267
82556781-ef07-3f64-b951-c6a827ee6997,entity_268
8286c844-4947-3648-b146-73a5b155832e,entity_269
82cabd09-d13b-37c0-9ef9-b5b017596b21,entity_270
834d91a8-4c08-3532-aaaa-cd232ad0269f,entity_271
84183ea5-0d01-33dd-960d-2925c47c111e,entity_272
8427b4fe-f96a-3ccc-9ccb-0e707b14f5b3,entity_273
84b216b2-c4c4-349a-81e3-8b9cbab4110a,entity_274
8592cc8c-123c-3fff-8ba5-aadd46433b3c,entity_275
85aebbf9-9619-3817-aea7-f0c76830e2df,entity_276
8662a379-3213-3e89-bc20-3d6b129cc027,entity_277
8686ac60-3245-3fb8-ba52-1721843e1005,entity_278
86c9c6f7-2129-34c2-b2da-827c34bc9143,entity_279
87f91eaa-6bd5-3d76-ba25-02efd892586e,entity_280
88081931-d1f5-3f6a-bb5a-ac1a489c26c4,entity_281
8a69808c-4a31-36ea-a85c-b8d425121211,entity_282
8a7b237f-fea3-3264-9d0e-8cce00b55fdd,entity_283
8aa24ade-54bb-30b1-9dd1-b6089490ce14,entity_284
8abcd635-3f4e-3ebd-8840-82bf009e061b,entity_285
8b22bbc4-50d8-3f53-8cc4-a6c30aa0e0d7,entity_286
8bb8b9f6-f919-30ed-92f8-ba5eb19e4437,entity_287
8c0406e0-741a-373a-9270-6c65793d162f,entity_288
8d3837b3-237e-3d71-b8f2-ac29665325fc,entity_289
8d731f1b-3d62-34bf-b69d-f4d9bb2b0403,entity_290
8dc42bff-5d38-3510-b7fe-ef7c03a620a1,entity_291
8ed0d2db-8f22-31f7-b01a-5d3f952ccccb,entity_292
8ee0b6a3-6991-37ce-be60-ffdb4230d1d9,entity_293
8f162cdb-8b88-32ac-b6a4-5a9b35540df4,entity_294
8f409463-27bd-3a71-ab99-cb6090e208c8,entity_295
8f511cb7-ff73-3f59-9f1d-cea561aa1250,entity_296
8f7a6aea-e615-3879-9915-34335d93e715,entity_297
8f88b981-f485-31e3-8a17-c6ca742e190f,entity_298
90794c44-7366-3dd3-949d-aebd9d0fd9b3,entity_299
90a5bf22-cf79-3a5f-8a50-edb230e8d760,entity_300
911eadae-6a50-3a69-b53a-0b6ec55dd624,entity_301
91bff261-928e-3ca4-879f-95d187f23eda,entity_302
91d3482f-bb04-35fe-af7b-6f2052e63eba,entity_303
948b3a7a-1a09-35bf-9bd1-63541e4b9f02,entity_304
94a8f238-471f-38be-a7d2-60dbba7eb50b,entity_305
951afffe-f95a-3095-86c2-02505657382f,entity_306
9573120d-ac03-3f5b-9bf8-686c6d49893a,entity_307
9592fa1c-3ed0-35fb-8be2-1ccf1a2c6f6e,entity_308
95989e6b-fe53-3f8f-a109-144cc24daff3,entity_309
95f3afaa-caf6-3dc9-8a21-3fa1c714693b,entity_310
98734d7a-979d-309a-8823-7777e1581d0c,entity_311
98ab9a5e-da0c-3a3a-9ad6-2feff50751a9,entity_312
98ab9b2e-d05c-37ce-b091-9bc7198c2f2d,entity_313
98eae99a-3f75-3af7-b304-c97e6a0b9f00,entity_314
997c9e37-ae13-3dca-8890-63ddb354da84,entity_315
9cc8145d-5f63-3ca5-b13d-e6807d05a5fd,entity_316
9d073cef-37ca-394d-bc72-3fb2a24dd206,entity_317
9d1aec21-17a7-3f18-9a34-c227252e971f,entity_318
9e4360d2-53ba-39e3-bcf2-51626209e171,entity_319
9e73ddf3-83d6-310f-8d46-5f28824bd39a,entity_320
9ea0bcce-7e0e-3709-b9b8-ed7e287c449e,entity_321
a00e0883-de02-3fe6-95af-794ee8fb0e1c,entity_322
a05b03ec-6d0f-32ed-99f2-cb97154ee320,entity_323
a0cb1889-28ed-3317-9405-7f901e725f67,entity_324
a12ea74d-c4c2-38f0-9721-3f0f0d9f7e05,entity_325
a227c65c-714b-3fd8-b8fb-5fbedb73e73c,entity_326
a2729bf7-bcbb-3ebf-a863-3c7c07cd96b5,entity_327
a2b8fbd3-8d77-3ad4-8df6-c3d7756c4a5c,entity_328
a2f70225-9322-39e1-b04c-a5355d8dddc3,entity_329
a47511c0-2ddc-3874-80f5-64d858adb93a,entity_330
a481099a-524e-3732-b8af-0d99681411e6,entity_331
a520090d-4ea3-3b1c-8027-ce91e7fe39f0,entity_332
a5ad7dd4-eab3-34bb-8b5f-dd4bbb7015f0,entity_333
a6a5fe01-780a-3709-8608-3db2a4bd74c4,entity_334
a7b9e1cb-9ecc-36b8-a5d1-729890811a84,entity_335
a80b7433-015b-3378-9db5-eb0bdc3db3a0,entity_336
a8155e58-e8aa-3270-b691-7b57e048afb9,entity_337
a8a99dba-db1f-334d-bbf1-4c61b97ff512,entity_338
a94b62bf-f0c1-3aba-9220-91e382a33053,entity_339
a99410b4-65c9-3f85-a64b-9cc3bf6f9e07,entity_340
a9bf6941-124f-339d-8176-c211e09f2198,entity_341
aad50740-6909-3a4b-8958-3ae2c4931359,entity_342
ac3b991f-a4d9-31fd-a6dd-455d74942b44,entity_343
acb45705-46f3-3899-99c9-544ec4cb84ad,entity_344
acb7eed0-7624-3f78-83c4-4440cf7390ec,entity_345
ad3da2a7-5a0d-39c6-8e3d-0b801d48b475,entity_346
ad5960ae-f302-3bdc-b034-900c8ba65e6b,entity_347
ad6c0950-b197-3696-bdd1-75e3b514d3a6,entity_348
af0bfeb2-c5d3-3ff6-bc70-d0ede6f6f836,entity_349
af56c524-1509-389d-baf6-a3ffa866fea8,entity_350
af698de8-b7ab-3d0c-ba0f-6f16f780ac57,entity_351
afd3b72d-e555-3394-aaba-028703e5082d,entity_352
b1fd8808-712f-3c89-a242-5bb47a4f6fcf,entity_353
b3965534-17e3-3528-abb8-cdf7cef3ee7e,entity_354
b508b2b2-0a58-3330-a32b-929db3bfeab2,entity_355
b519f167-235c-39f4-853f-e956a9f01463,entity_356
b604a5e4-0e66-3c24-b571-41fa730477ea,entity_357
b61c5be5-065d-36a5-8af8-25406da6034d,entity_358
b71de355-255d-356c-9a68-e2d8f5a47187,entity_359
b8e37104-2e7b-39ea-b20f-d8cebccff257,entity_360
b9da0a17-9a94-3936-888c-5f105f0fb6f0,entity_361
ba13e4af-dc79-3a8a-b3c3-9684ddc63493,entity_362
ba1e8547-c37b-35ba-87d8-1bc7956d3645,entity_363
ba6cdba0-d5b9-3778-8af1-e2e22a352c3a,entity_364
bb156840-3bb0-3523-9151-15979910eac8,entity_365
bb3e881c-745c-30f1-bab3-2cd31a3f3e6b,entity_366
bc8dda2f-b315-3ffe-bb75-66c22090478d,entity_367
bd3e3fae-871c-3aa0-898e-47d2a4763e74,entity_368
be27271f-175d-3082-8421-e465fcaa4ce6,entity_369
be7c58f6-00ff-31f0-a0c8-95c6d74025c4,entity_370
c05a0397-6c22-3b29-8cb7-6530632d25af,entity_371
c06aa70d-5b82-3742-8d5d-6e1ff07c2801,entity_372
c06b25c9-1d41-387c-b7ec-bc321e18f4e6,entity_373
c130cdb1-14ed-3e66-85e4-8f5981d1b250,entity_374
c218c7e0-7578-34a6-8116-d9f4e48311bd,entity_375
c27709f2-7d39-3821-85ea-a30cfbcc1d44,entity_376
c3131c65-293e-33f5-9589-ae8546059a3b,entity_377
c3634591-ab05-38c1-9d8f-af4f75dbf4e6,entity_378
c45b12b7-3d71-3fbd-af7f-bcdcde33f763,entity_379
c4ce43f1-ed66-3f07-a900-3698415f1a94,entity_380
c556b882-10fe-3e50-b6fd-97eafcafd4f5,entity_381
c7399a87-1aa1-3b1e-b5ab-57d18675ef40,entity_382
c767f941-ac4b-3c56-a13d-a6e5c37f4862,entity_383
c76bee60-0f0e-3a4f-b32b-5bb025b6a588,entity_384
c7d33b20-be1c-3748-8b38-c2911cf9a6e8,entity_385
c84cae0e-e535-3d43-9622-82a7bc032c10,entity_386
c8a2985b-dc47-32ca-b6e3-10254c5971a2,entity_387
c8bf400c-9fe2-3f5d-9cf8-079549e30414,entity_388
c8efa070-a08c-3395-a6f2-56516405b671,entity_389
c9b0a984-74e4-3489-9069-4a86b47f0f12,entity_390
c9dbc74d-62ab-3d3f-a3ce-5dab6ff203d9,entity_391
ca3346c7-40c3-38d9-b0b5-3085fefc0ad9,entity_392
caa451f4-539a-3cdd-b1df-5f3a97a9abe1,entity_393
cad65a22-6acc-3a14-b8c7-676fd43c32c1,entity_394
cb180193-c125-3029-9f2d-2399d5561f09,entity_395
cb4b5c39-6206-35df-b6cb-10dbd9ee3a9d,entity_396
cb6307eb-e297-3f93-bc55-c2e221b919ce,entity_397
cba13a72-57d8-3855-98c6-f180df41f735,entity_398
cc29f922-1d94-3f23-a1b9-b9854b8cbca6,entity_399
cc9b6183-ec04-3ff4-abda-faabf434adcc,entity_400
cda4689c-86c2-3cbd-aee0-1a1e19509910,entity_401
ce0925df-cb46-3428-84f0-d5ed85215ef8,entity_402
ce2e8ead-c0de-3f5c-81d2-1e47066cb5ef,entity_403
ce7153c9-a6eb-3016-abed-856a3bfd16b6,entity_404
cef1f5f1-2d0f-309f-9ae5-4b0405536b03,entity_405
cef92250-3c58-32e0-be25-87284ac2adfe,entity_406
cf514a81-0e8f-3bc9-9901-e30f75f2c24e,entity_407
d001fb12-d476-310f-85d3-488d78d157d6,entity_408
d0939016-727f-3a61-a475-1565be9cdbb2,entity_409
d1c1f172-6045-3952-877d-e136f5d15b35,entity_410
d1f32882-2b79-3335-b44e-88dd60aaae46,entity_411
d1f5130f-5c40-32bc-b499-54774aa1a0d3,entity_412
d2aa46e1-d495-36f8-8c90-4394dbda8c01,entity_413
d2d59014-aa2a-33e3-b648-185f93493b74,entity_414
d3161f83-c2f0-3a00-8ba0-b75f6e9f1785,entity_415
d4a67ba2-6df3-3148-9856-47afc277e130,entity_416
d543e182-8f0d-32e4-909a-cd542ceaa6eb,entity_417
d5770a98-a57d-3596-8529-a3c2c988e200,entity_418
d6421a36-3242-3efc-9987-4f5d61df663f,entity_419
d6adec07-dba5-357a-b057-fac1e9bf4d4f,entity_420
d77c4036-aa93-3eae-b3ec-379f5d97655d,entity_421
d784c399-c93e-354d-94b0-62a84091c563,entity_422
d7ada2a4-b5b0-39b6-a1f9-6048f92a26d4,entity_423
d936ead9-67f0-390d-8602-b4a6acdd1408,entity_424
d976390a-13a6-33b3-86a2-8e06c3843003,entity_425
d9fac834-9002-3b2b-b575-6b74bfc621a7,entity_426
da1e4eff-12f2-3ce1-a328-8ed4dd96e891,entity_427
da28d900-4bfe-3ec9-81de-248633b7bd39,entity_428
da355673-f91f-3fc8-9596-3866f4e880e7,entity_429
dafe9ee4-70e1-31c0-b66f-25aabb13eb4d,entity_430
db780f3d-24d0-3be9-8627-beda488b32e9,entity_431
dcf81d32-b4ea-3a94-9092-e5377b1ead76,entity_432
de33f8da-08de-3e6e-b69c-e0602637d614,entity_433
defb37de-f4e5-3fea-8b70-18f9cef4fd96,entity_434
df130c2c-72f5-3af9-a802-2358dfc0194e,entity_435
df6657fc-6d52-311b-8f2e-d37161e4cce3,entity_436
e015e8b5-a329-3a6c-b698-900f6ba6be09,entity_437
e04812d3-6a8f-3b0f-a8a9-157976a5b9eb,entity_438
e15354b5-b3dc-3810-8a51-3f2827ed77ca,entity_439
e268d49a-bd7c-3296-ae6c-5473025abb1b,entity_440
e2eb0d2e-ec1e-30c5-8cbf-6d1347e94d1e,entity_441
e31341b6-663c-3e5f-a7f8-66aff9a6fd0f,entity_442
e313fca5-0712-3e6a-883c-03f7a8d2b424,entity_443
e4af309f-7a9d-3383-9843-1cd3c0cf5af1,entity_444
e4f19c24-2c82-3a2f-90dc-318e36a4a2e9,entity_445
e5b716a8-e00d-3bb7-8aed-22cf7201df02,entity_446
e748571e-976a-32df-bee0-c8e475afd173,entity_447
e79b7274-532a-3090-af14-a338adada9c9,entity_448
e81063b6-eb85-3d73-9251-465f5a21a027,entity_449
e86cfd9b-91b2-30aa-921c-e020644364e0,entity_450
e87a597e-262b-39b0-89b1-0848bb24ef89,entity_451
e87abeac-70c0-3f78-82db-65818b3858a6,entity_452
e8868e5c-4d5c-3e49-b314-c02091f42496,entity_453
e8c7e6e1-0678-3b23-b661-9d0087bb6ca4,entity_454
e8ef0f73-1f81-3cfd-9bf5-11a4c607075d,entity_455
e99804ac-6403-32d6-ab25-51cd6c06082e,entity_456
ea305952-7e25-3121-85ac-0cc5850186ec,entity_457
eb98c920-11e7-325f-bd54-168b035126f3,entity_458
ebafc15d-2bd2-3f80-9d03-b662022726b3,entity_459
ebdbf3a9-3e06-3f7a-8213-880e4267d131,entity_460
ebeae7ef-f47f-3fec-9c21-7818c2da5329,entity_461
ec005359-7068-3ded-b8d4-992c80477647,entity_462
eca15790-f5af-32ce-bbf6-5b3dcb862d31,entity_463
ecaf6d35-0121-36b5-8dc2-e460b8b650ae,entity_464
ecb0ec32-99ef-3361-8356-91135de16397,entity_465
ed556b72-cbed-3f09-8d12-f8c012cb350d,entity_466
ed628379-3a6c-3192-8602-49d8e8b09667,entity_467
ee70cfa0-f3ce-356c-944d-5897a8c05406,entity_468
ee7ed0ff-1351-30ad-b40f-b010860aba68,entity_469
eeb8d069-4772-3039-a0e9-47469ead16b5,entity_470
ef3cc7f9-24cb-38d4-8d52-541e5b2d3ee0,entity_471
effa700c-4c7b-310e-a0d4-709008d69ec8,entity_472
f05e54d7-73fd-3c1b-bbd9-c7b767f5476b,entity_473
f06407ae-c0aa-3a72-9eb0-c082d4d3d7fe,entity_474
f0e10888-89dc-3fe1-9705-21329631fde9,entity_475
f11cd845-5065-3a43-9388-a53817b5ffb8,entity_476
f22f681b-2bec-31f6-9087-8718d17ed47d,entity_477
f2ad4791-55f6-3295-9902-6b70d326fdc4,entity_478
f356270c-fff6-3b68-8bb5-c28afda80aac,entity_479
f37eba83-d671-3ed5-ba2c-c54bc88eab56,entity_480
f3ba37c8-9f04-3c33-8fd5-9c3092631785,entity_481
f4ab2de6-4ca2-3f0c-8189-c15fb3ecae92,entity_482
f4e07cd0-68c0-354f-8ea1-ad57d943994a,entity_483
f54612cc-0ec1-377e-8af4-3cecd3d0f0ab,entity_484
f5501811-d2e5-3bee-8030-5b2ac4f5b4b0,entity_485
f5f09797-ab17-3e3f-bcf7-9460afc613a5,entity_486
f5f2c8d6-53f6-3d1c-a175-c3f6a01612d9,entity_487
f64476c2-89a6-33e9-a222-4a1e1ec0b1f4,entity_488
f8c8445f-28ff-3c8b-8258-54242f401c2c,entity_489
f9f24a0e-7bb2-3019-9df4-8240ae453dbc,entity_490
fb0dc361-4de0-33d4-8230-98c7a1fbe947,entity_491
fb41cf9b-e15e-3d04-8d0a-3f8b0da2a0f4,entity_492
fb5fd8f8-ddfe-3fdf-8799-30eb6370a5b1,entity_493
fc7c4614-70b5-3335-ad6c-50e050023d93,entity_494
fdac9175-17fc-36bb-8934-4be3d6e52782,entity_495
fdfa85a7-0594-318f-8cf2-5029e6c4e472,entity_496
fe5bc4a6-70ce-3b21-9cb6-b3e68f73b266,entity_497
fe5f58bb-8156-3e5d-9b95-b6234517c280,entity_498
fe6adc4a-2140-345e-8bc6-1ce230fafeed,entity_499
fec6b9d6-45c6-3ead-840b-e4c1b4faab53,entity_500
ff8e0560-1707-38b1-a036-da07aaff7097,entity_501
ff91aa2c-c0dc-3c6e-a3b1-d56a0c56fe0f,entity_502
ffca39ab-1eaf-35da-98e0-3496e5acc7ac,entity_503
